query_id,score,decision,container_count,declared_value,discrepancy_ratio,port,prior_shipments,recent_seizures,route_age_days,shipper_score,shipper_years,transfers
R2 · 170,0.9753,APPROVE,100,5,0.9,A,20,4,23.0,890,31.0,6
R2 · 169,0.9774,APPROVE,100,5,0.9,D,20,4,23.0,890,31.0,6
R2 · 168,0.9774,APPROVE,100,4,0.9,D,20,4,23.0,890,31.0,6
R2 · 167,0.9773,APPROVE,100,4,0.97,D,20,4,23.0,890,31.0,6
R2 · 166,0.9762,APPROVE,100,4,0.94,D,20,4,23.0,890,31.0,6
R2 · 165,0.977,APPROVE,100,4,0.96,D,20,4,23.0,890,31.0,6
R2 · 164,0.9744,APPROVE,100,4,0.89,D,20,4,23.0,890,31.0,6
R2 · 163,0.9766,APPROVE,100,4,0.99,D,20,4,23.0,890,31.0,6
R2 · 162,0.9774,APPROVE,100,4,0.9,D,20,4,23.0,890,31.0,6
R2 · 161,0.9774,APPROVE,100,4,0.9,D,20,4,23.0,890,31.0,3
R2 · 160,0.9769,APPROVE,100,4,0.9,D,20,4,23.0,890,32.0,3
R2 · 159,0.9768,APPROVE,100,4,0.9,D,20,4,23.0,890,30.0,3
R2 · 158,0.9774,APPROVE,100,4,0.9,D,20,4,23.0,890,31.0,3
R2 · 157,0.9754,APPROVE,100,4,0.9,D,20,5,23.0,890,31.0,3
R2 · 156,0.9681,APPROVE,100,4,0.9,D,20,3,23.0,890,31.0,3
R2 · 155,0.9774,APPROVE,100,4,0.9,D,20,4,23.0,890,31.0,3
R2 · 154,0.9769,APPROVE,100,4,0.9,D,20,4,24.0,890,31.0,3
R2 · 153,0.9774,APPROVE,100,4,0.9,D,20,4,23.0,890,31.0,3
R2 · 152,0.9757,APPROVE,100,4,0.9,D,20,4,22.0,890,31.0,3
R2 · 151,0.976,APPROVE,100,4,0.9,D,20,4,23.0,900,31.0,3
R2 · 150,0.9774,APPROVE,100,4,0.9,D,20,4,23.0,890,31.0,3
R2 · 149,0.9757,APPROVE,100,4,0.9,D,20,4,22.0,890,31.0,3
R2 · 148,0.9774,APPROVE,100,4,0.9,D,20,4,23.0,890,31.0,3
R2 · 147,0.9769,APPROVE,100,4,0.9,D,20,4,24.0,890,31.0,3
R2 · 146,0.9769,APPROVE,100,4,0.9,D,20,4,24.0,890,31.0,4
R2 · 145,0.8171,APPROVE,100,5,0.0,D,20,4,24.0,890,31.0,4
R2 · 144,0.9769,APPROVE,100,4,0.9,D,20,4,24.0,890,31.0,4
R2 · 143,0.9755,APPROVE,100,4,0.9,D,20,4,24.0,872,31.0,4
R2 · 142,0.9755,APPROVE,100,4,0.9,D,20,4,24.0,866,31.0,4
R2 · 141,0.9751,APPROVE,100,4,0.9,D,20,4,22.0,887,31.0,4
R2 · 140,0.9769,APPROVE,100,4,0.9,D,20,4,24.0,890,31.0,4
R2 · 139,0.9765,APPROVE,100,4,0.9,D,20,4,27.0,900,31.0,4
R2 · 138,0.9619,APPROVE,100,4,0.9,D,18,3,27.0,900,31.0,4
R2 · 137,0.9765,APPROVE,100,4,0.9,D,20,4,27.0,900,31.0,4
R2 · 136,0.9765,APPROVE,100,4,0.9,D,20,4,27.0,896,31.0,3
R2 · 135,0.9765,APPROVE,100,4,0.9,D,20,4,27.0,900,31.0,4
R2 · 134,0.975,APPROVE,100,4,0.9,D,20,4,27.0,900,29.0,3
R2 · 133,0.9765,APPROVE,100,4,0.9,D,20,4,27.0,900,31.0,4
R2 · 132,0.9571,APPROVE,100,4,0.6,D,18,4,27.0,900,31.0,4
R2 · 131,0.7978,APPROVE,100,4,0.0,D,20,3,27.0,900,31.0,4
R2 · 130,0.9765,APPROVE,100,4,0.9,D,20,4,27.0,900,31.0,4
R2 · 129,0.9328,APPROVE,100,4,0.5,D,20,4,27.0,900,31.0,4
R2 · 128,0.8521,APPROVE,100,4,0.5,D,20,4,27.0,500,31.0,4
R2 · 127,0.9298,APPROVE,100,4,0.5,D,20,4,27.0,900,28.0,4
R2 · 126,0.9765,APPROVE,100,4,0.9,D,20,4,27.0,900,31.0,4
R2 · 125,0.8156,APPROVE,100,4,0.0,D,20,4,28.0,900,31.0,4
R2 · 124,0.9765,APPROVE,100,4,0.9,D,20,4,27.0,900,31.0,4
R2 · 123,0.9765,APPROVE,95,4,0.9,D,20,4,27.0,900,31.0,2
R2 · 122,0.9765,APPROVE,100,4,0.9,D,20,4,27.0,900,31.0,3
R2 · 121,0.9347,APPROVE,86,50,1.0,A,19,3,27.0,898,32.0,1
R2 · 120,0.9347,APPROVE,88,50,1.0,A,19,3,27.0,898,32.0,2
R2 · 119,0.9347,APPROVE,91,50,1.0,A,19,3,27.0,898,32.0,4
R2 · 118,0.9639,APPROVE,99,3,1.0,A,19,3,27.0,898,32.0,4
R2 · 117,0.9654,APPROVE,100,4,1.0,A,19,3,27.0,898,32.0,4
R2 · 116,0.9638,APPROVE,100,4,0.9,D,19,3,27.0,898,32.0,4
R2 · 115,0.9759,APPROVE,100,4,0.9,D,20,4,27.0,898,32.0,4
R2 · 114,0.9739,APPROVE,100,4,0.9,D,20,4,25.0,898,32.0,4
R2 · 113,0.9754,APPROVE,100,4,0.9,D,20,4,26.0,899,32.0,4
R2 · 112,0.9759,APPROVE,100,4,0.9,D,20,4,27.0,900,32.0,4
R2 · 111,0.9759,APPROVE,100,4,0.9,D,20,4,27.0,900,32.0,4
R2 · 110,0.9765,APPROVE,100,4,0.9,D,20,4,27.0,900,31.0,3
R2 · 109,0.9763,APPROVE,100,4,0.9,D,20,4,27.0,900,30.0,4
R2 · 108,0.9763,APPROVE,100,4,0.9,D,20,4,27.0,900,30.0,0
R2 · 107,0.9754,APPROVE,100,4,0.9,D,20,4,26.0,900,30.0,0
R2 · 106,0.9763,APPROVE,100,4,0.9,D,20,4,27.0,900,30.0,0
R2 · 105,0.9754,APPROVE,100,4,0.9,D,20,4,26.0,900,30.0,0
R2 · 104,0.9765,APPROVE,100,4,0.9,D,20,4,27.0,900,31.0,0
R2 · 103,0.9765,APPROVE,100,4,0.9,D,20,4,27.0,900,31.0,6
R2 · 102,0.9765,APPROVE,80,4,0.9,D,20,4,27.0,900,31.0,0
R2 · 101,0.9571,APPROVE,80,4,0.6,D,20,4,27.0,900,31.0,0
R2 · 100,0.9328,APPROVE,80,4,0.5,D,20,4,27.0,900,31.0,0
R2 · 99,0.976,APPROVE,80,4,1.0,D,20,4,27.0,900,31.0,0
R2 · 98,0.8134,APPROVE,80,4,0.0,D,20,4,27.0,900,31.0,0
R2 · 97,0.9765,APPROVE,80,4,0.9,D,20,4,27.0,900,31.0,0
R2 · 96,0.9765,APPROVE,80,4,0.9,D,18,4,27.0,900,31.0,0
R2 · 95,0.9765,APPROVE,80,4,0.9,D,10,4,27.0,900,31.0,0
R2 · 94,0.9765,APPROVE,80,4,0.9,D,0,4,27.0,900,31.0,0
R2 · 93,0.9749,APPROVE,80,3,0.9,D,0,4,27.0,900,31.0,0
R2 · 92,0.9765,APPROVE,80,4,0.9,D,0,4,27.0,900,31.0,0
R2 · 91,0.9764,APPROVE,80,5,0.9,D,0,4,27.0,900,31.0,0
R2 · 90,0.9737,APPROVE,80,7,0.9,D,0,4,27.0,900,31.0,0
R2 · 89,0.9752,APPROVE,80,6,0.9,D,0,4,27.0,900,31.0,0
R2 · 88,0.9738,APPROVE,80,6,0.9,D,0,4,25.0,900,31.0,0
R2 · 87,0.9743,APPROVE,80,5,0.9,D,0,4,25.0,900,31.0,0
R2 · 86,0.973,APPROVE,80,3,0.9,D,0,4,25.0,900,31.0,0
R2 · 85,0.971,APPROVE,80,1,0.9,D,0,4,25.0,900,31.0,0
R2 · 84,0.9727,APPROVE,80,1,0.9,D,0,4,23.0,900,31.0,0
R2 · 83,0.9661,APPROVE,80,1,0.9,D,0,4,18.0,900,31.0,0
R2 · 82,0.9681,APPROVE,80,3,0.9,D,0,4,18.0,900,31.0,0
R2 · 81,0.9312,APPROVE,80,81,0.9,D,0,4,18.0,900,31.0,0
R2 · 80,0.9247,APPROVE,80,88,0.9,D,0,4,18.0,900,31.0,0
R2 · 79,0.8899,APPROVE,80,100,0.9,D,0,4,18.0,900,31.0,0
R2 · 78,0.8908,APPROVE,80,100,0.9,D,0,4,20.0,900,31.0,0
R2 · 77,0.8468,APPROVE,80,100,0.9,D,0,4,40.0,900,31.0,0
R2 · 76,0.8975,APPROVE,80,100,0.9,D,0,4,27.0,900,31.0,0
R2 · 75,0.9765,APPROVE,80,4,0.9,D,0,4,27.0,900,31.0,0
R2 · 74,0.8741,APPROVE,80,4,0.9,D,0,4,27.0,315,31.0,0
R2 · 73,0.9485,APPROVE,80,4,0.9,D,0,4,27.0,600,31.0,0
R2 · 72,0.9765,APPROVE,80,4,0.9,D,0,4,27.0,900,31.0,0
R2 · 71,0.043,DECLINE,80,4,0.9,C,0,4,27.0,900,31.0,0
R2 · 70,0.9753,APPROVE,80,4,0.9,B,0,4,27.0,900,31.0,0
R2 · 69,0.9743,APPROVE,80,4,0.9,A,0,4,27.0,900,31.0,0
R2 · 68,0.9765,APPROVE,80,4,0.9,D,0,4,27.0,900,31.0,0
R2 · 67,0.8868,APPROVE,80,4,0.9,D,0,0,27.0,900,31.0,0
R2 · 66,0.8868,APPROVE,80,4,0.9,D,0,0,27.0,900,31.0,1
R2 · 65,0.9759,APPROVE,80,4,0.9,D,0,5,27.0,900,31.0,1
R2 · 64,0.9765,APPROVE,80,4,0.9,D,0,4,27.0,900,31.0,1
R2 · 63,0.9619,APPROVE,80,4,0.9,D,0,3,27.0,900,31.0,1
R2 · 62,0.9619,APPROVE,80,4,0.9,D,0,3,27.0,900,31.0,2
R2 · 61,0.9765,APPROVE,80,4,0.9,D,0,4,27.0,900,31.0,2
R2 · 60,0.9759,APPROVE,80,4,0.9,D,0,5,27.0,900,31.0,2
R2 · 59,0.9759,APPROVE,80,4,0.9,D,0,5,27.0,900,31.0,3
R2 · 58,0.8868,APPROVE,80,4,0.9,D,0,0,27.0,900,31.0,3
R2 · 57,0.9619,APPROVE,80,4,0.9,D,0,3,27.0,900,31.0,3
R2 · 56,0.9765,APPROVE,80,4,0.9,D,0,4,27.0,900,31.0,3
R2 · 55,0.9759,APPROVE,80,4,0.9,D,0,5,27.0,900,31.0,3
R2 · 54,0.9759,APPROVE,80,4,0.9,D,0,5,27.0,900,31.0,4
R2 · 53,0.9759,APPROVE,80,4,0.9,D,0,5,27.0,900,31.0,5
R2 · 52,0.9759,APPROVE,80,4,0.9,D,0,5,27.0,900,31.0,6
R2 · 51,0.9759,APPROVE,80,4,0.9,D,3,5,27.0,900,31.0,6
R2 · 50,0.9759,APPROVE,80,4,0.9,D,0,5,27.0,900,31.0,6
R2 · 49,0.9619,APPROVE,80,4,0.9,D,0,3,27.0,900,31.0,6
R2 · 48,0.9765,APPROVE,80,4,0.9,D,0,4,27.0,900,31.0,6
R2 · 47,0.9763,APPROVE,80,4,0.9,D,0,4,27.5,900,31.0,6
R2 · 46,0.976,APPROVE,80,4,0.9,D,0,4,26.0,900,31.0,6
R2 · 45,0.9741,APPROVE,80,4,0.9,D,0,4,28.0,900,31.0,6
R2 · 44,0.9765,APPROVE,80,4,0.9,D,0,4,27.0,900,31.0,6
R2 · 43,0.9758,APPROVE,80,4,0.9,D,0,4,27.0,900,31.5,6
R2 · 42,0.9765,APPROVE,80,4,0.9,D,0,4,27.0,900,31.0,6
R2 · 41,0.976,APPROVE,80,4,0.9,D,0,4,27.0,900,29.5,6
R2 · 40,0.9747,APPROVE,80,4,0.9,D,0,4,27.0,900,33.0,6
R2 · 39,0.9739,APPROVE,80,4,0.9,D,0,4,27.0,900,28.0,6
R2 · 38,0.9745,APPROVE,80,4,0.9,D,0,4,27.0,900,35.0,6
R2 · 37,0.97,APPROVE,80,4,0.9,D,0,4,27.0,900,40.0,6
R2 · 36,0.9665,APPROVE,80,4,0.9,D,0,4,20.0,900,40.0,6
R2 · 35,0.968,APPROVE,80,4,0.9,D,0,4,25.0,900,40.0,6
R2 · 34,0.9619,APPROVE,80,4,0.9,D,0,4,35.0,900,40.0,6
R2 · 33,0.9446,APPROVE,80,4,0.9,D,0,4,45.0,900,40.0,6
R2 · 32,0.8939,APPROVE,80,4,0.9,D,0,4,60.0,900,40.0,6
R2 · 31,0.9228,APPROVE,80,4,0.9,D,0,4,50.0,900,40.0,6
R2 · 30,0.9131,APPROVE,80,4,0.9,D,0,4,50.0,900,30.0,6
R2 · 29,0.9693,APPROVE,80,4,0.9,D,0,4,29.0,900,30.0,6
R2 · 28,0.9754,APPROVE,80,4,0.9,D,0,4,26.0,900,30.0,6
R2 · 27,0.9763,APPROVE,80,4,0.9,D,0,4,27.0,900,30.0,6
R2 · 26,0.9729,APPROVE,80,2,0.9,D,0,4,27.0,900,30.0,6
R2 · 25,0.9763,APPROVE,80,4,0.9,D,0,4,27.0,900,30.0,6
R2 · 24,0.9762,APPROVE,80,5,0.9,D,0,4,27.0,900,30.0,6
R2 · 23,0.9735,APPROVE,80,7,0.9,D,0,4,27.0,900,30.0,6
R2 · 22,0.9746,APPROVE,80,8,0.9,D,0,4,27.0,900,30.0,6
R2 · 21,0.9746,APPROVE,89,8,0.9,D,0,4,27.0,900,30.0,6
